kind,dcs_category,native_id,identifier,name,phys_type,positions,routing,address,value_range,ifaces,fw_class
input,Start,0,THROTTLE_CLICK,Throttle Position Lock,default_3_position_tumb,,DCS-BIOS,0x850E,,"fixed_step,set_state",Switch3Pos
input,Mechanical Systems,8,GEAR_HANDLE,Landing Gear Handle,default_2_position_tumb,,DCS-BIOS,0x8508,,"fixed_step,set_state,action",Switch2Pos
input,Mechanical Systems,10,HOOK_HANDLE,Arresting Hook Handle,default_2_position_tumb,,DCS-BIOS,0x8508,,"fixed_step,set_state,action",Switch2Pos
input,Ejection Seat,24,HARNESS_REEL_CONTR,Shoulder Harness Control Handle,default_2_position_tumb,,DCS-BIOS,0x8544,,"fixed_step,set_state,action",Switch2Pos
input,Ejection Seat,25,SEC_EJECT_HANDLE,Alternate Ejection Handle,default_2_position_tumb,,DCS-BIOS,0x8544,,"fixed_step,set_state,action",Switch2Pos
input,Mechanical Systems,82,RUDDER_TRIM,Rudder Trim Switch,default_axis_limited,,DCS-BIOS,0x850C,,"set_state,variable_step",AnalogInput
input,OFF,83,LIGHT_EXT_MASTER,Master Exterior Lights Switch,multiposition_switch_limited,,DCS-BIOS,0x8522,,"fixed_step,set_state",SwitchMultiPos/enc/ladder
input,Mechanical Systems,84,SPOILER_ARM,Spoiler Arm Switch,default_2_position_tumb,,DCS-BIOS,0x8508,,"fixed_step,set_state,action",Switch2Pos
input,Mechanical Systems,85,SPEEDBRAKE,Speedbrake Switch,default_2_position_tumb,,DCS-BIOS,0x8508,,"fixed_step,set_state,action",Switch2Pos
input,Mechanical Systems,100,STARTER_BTN,Engine Starter Switch,default_2_position_tumb,,DCS-BIOS,0x850E,,"fixed_step,set_state,action",Switch2Pos
input,Fuel Systems,101,DROP_PRESS_REFUEL,Drop Tank Pressurization Switch,default_3_position_tumb,,DCS-BIOS,0x850E,,"fixed_step,set_state",Switch3Pos
input,Fuel Systems,103,EMERG_TRANS_FUEL_DUMP,Fuel Dump Switch,default_3_position_tumb,,DCS-BIOS,0x850E,,"fixed_step,set_state",Switch3Pos
input,Fuel Systems,104,FUEL_CONTROL,Fuel Control Switch,default_2_position_tumb,,DCS-BIOS,0x850E,,"fixed_step,set_state,action",Switch2Pos
input,Lights,106,LIGHT_INT_INSTR,Instrument Lights Control,default_axis_limited,,DCS-BIOS,0x8534,,"set_state,variable_step",AnalogInput
input,Lights,107,LIGHT_INT_CONSOLE,Console Lights Control,default_axis_limited,,DCS-BIOS,0x8536,,"set_state,variable_step",AnalogInput
input,Lights,108,LIGHT_INT_BRIGHT,Instrument Lights Brightness,multiposition_switch_limited_inverted,,DCS-BIOS,0x8532,,"fixed_step,set_state",SwitchMultiPos/enc/ladder
input,Lights,110,LIGHT_INT_FLOOD_WHT,White Floodlights Control,default_axis_limited,,DCS-BIOS,0x8538,,"set_state,variable_step",AnalogInput
input,Radar Control Panel,120,RADAR_MODE,AN/APG-53A Radar Mode Switch,multiposition_switch_limited,5,DCS-BIOS,0x84EA,,"fixed_step,set_state",SwitchMultiPos/enc/ladder
input,Radar Control Panel,121,RADAR_AOACOMP,Radar AoA Compensation Switch,default_2_position_tumb,,DCS-BIOS,0x84EA,,"fixed_step,set_state,action",Switch2Pos
input,Radar Control Panel,122,RADAR_ANGLE,Radar Antenna Tilt Switch,default_axis_limited,,DCS-BIOS,0x84EE,,"set_state,variable_step",AnalogInput
input,Radar Control Panel,123,RADAR_VOL,Radar Obstacle Tone Volume,default_axis_limited,,DCS-BIOS,0x84F0,,"set_state,variable_step",AnalogInput
input,Avionics,125,OXY_SW,Oxygen Switch,default_2_position_tumb,,DCS-BIOS,0x850E,,"fixed_step,set_state,action",Switch2Pos
input,Mechanical Systems,128,SPEEDBRAKE_EMERG,Emergency Speedbrake Knob,default_3_position_tumb,,DCS-BIOS,0x8508,,"fixed_step,set_state",Switch3Pos
input,Fuel Systems,130,MAN_FUEL_OFF_LV,Manual Fuel Shutoff Control Lever,default_2_position_tumb,,DCS-BIOS,0x850E,,"fixed_step,set_state,action",Switch2Pos
input,Fuel Systems,131,MAN_FUEL_OFF_CATCH,Manual Fuel Shutoff Control Catch,default_2_position_tumb,,DCS-BIOS,0x850E,,"fixed_step,set_state,action",Switch2Pos
input,Mechanical Systems,132,FLAPS,Flap Handle,multiposition_switch_limited,,DCS-BIOS,0x8508,,"fixed_step,set_state",SwitchMultiPos/enc/ladder
input,Mechanical Systems,133,JATO_ARM,JATO Arming Switch,default_2_position_tumb,,DCS-BIOS,0x850E,,"fixed_step,set_state,action",Switch2Pos
input,Mechanical Systems,134,JATO_JETT_SAFE,JATO Jettison Switch,default_2_position_tumb,,DCS-BIOS,0x850E,,"fixed_step,set_state,action",Switch2Pos
input,Stby,135,APC_ENABLE,APC Power Switch,multiposition_switch_limited,,DCS-BIOS,0x8508,,"fixed_step,set_state",SwitchMultiPos/enc/ladder
input,Std,136,APS_COLD_STD_HOT,APC Temperature Switch,multiposition_switch_limited,,DCS-BIOS,0x8508,,"fixed_step,set_state",SwitchMultiPos/enc/ladder
input,Avionics,139,ACCEL_RESET,Accelerometer Reset,default_button,,DCS-BIOS,0x850E,,"fixed_step,set_state,action",ActionButton
input,Clock,146,STOPWATCH,Elapsed-Time Clock,default_button,,DCS-BIOS,0x850E,,"fixed_step,set_state,action",ActionButton
input,AFCS,160,AFCS_STBY,AFCS Standby Switch,default_2_position_tumb,,DCS-BIOS,0x8502,,"fixed_step,set_state,action",Switch2Pos
input,AFCS,161,AFCS_ENGAGE,AFCS Engage Switch,default_2_position_tumb,,DCS-BIOS,0x8502,,"fixed_step,set_state,action",Switch2Pos
input,AFCS,162,AFCS_HDG_SEL,AFCS Heading Select Switch,default_2_position_tumb,,DCS-BIOS,0x8502,,"fixed_step,set_state,action",Switch2Pos
input,AFCS,163,AFCS_ALT,AFCS Altitude Switch,default_2_position_tumb,,DCS-BIOS,0x8508,,"fixed_step,set_state,action",Switch2Pos
input,AFCS,164,AFCS_HDG_SET,AFCS Heading Select Pull-to-Set Knob,default_axis_limited,,DCS-BIOS,0x850A,,variable_step,AnalogInput
input,AFCS,165,AFCS_STAB_AUG,AFCS Stability Augmentation Switch (Yaw Damper),default_2_position_tumb,,DCS-BIOS,0x8508,,"fixed_step,set_state,action",Switch2Pos
input,AFCS,166,AFCS_AIL_TRIM,AFCS Aileron Trim Switch (unimplemented),default_2_position_tumb,,DCS-BIOS,0x8508,,"fixed_step,set_state,action",Switch2Pos
input,Doppler Nav,170,DOPPLER_SEL,AN/APN-153 Doppler Navigation Radar Mode Switch,multiposition_switch_limited,5,DCS-BIOS,0x8522,,"fixed_step,set_state",AnalogMultiPos
input,Doppler Nav,176,NAV_SEL,AN/ASN-41 Function Selector Switch,multiposition_switch_limited,5,DCS-BIOS,0x8522,,"fixed_step,set_state",AnalogMultiPos
input,Lights,217,LIGHT_EXT_PROBE,Probe Light Switch,multiposition_switch_limited,,DCS-BIOS,0x8532,,"fixed_step,set_state",SwitchMultiPos/enc/ladder
input,Lights,218,LIGHT_EXT_TAXI,Taxi Light Switch,default_2_position_tumb,,DCS-BIOS,0x8522,,"fixed_step,set_state,action",Switch2Pos
input,Lights,219,LIGHT_EXT_ANTICOLL,Anti-Collision Light Switch,default_2_position_tumb,,DCS-BIOS,0x8532,,"fixed_step,set_state,action",Switch2Pos
input,Lights,220,LIGHT_EXT_FUSELAGE,Fuselage Light Switch,multiposition_switch_limited,,DCS-BIOS,0x8532,,"fixed_step,set_state",SwitchMultiPos/enc/ladder
input,Lights,221,LIGHT_EXT_FLASH_MODE,Lighting Flash/Steady Switch,default_2_position_tumb,,DCS-BIOS,0x8532,,"fixed_step,set_state,action",Switch2Pos
input,Lights,222,LIGHT_EXT_NAV,Navigation Lights Switch,multiposition_switch_limited,,DCS-BIOS,0x8532,,"fixed_step,set_state",SwitchMultiPos/enc/ladder
input,Lights,223,LIGHT_EXT_TAIL,Tail Light Switch,multiposition_switch_limited,,DCS-BIOS,0x8532,,"fixed_step,set_state",SwitchMultiPos/enc/ladder
input,Air Condition,224,CABIN_PRESS,Cabin Pressure Switch,default_2_position_tumb,,DCS-BIOS,0x8544,,"fixed_step,set_state,action",Switch2Pos
input,Air Condition,225,WINDSHLD_DEFROST,Windshield Defrost Switch,default_3_position_tumb,,DCS-BIOS,0x8544,,"fixed_step,set_state",Switch3Pos
input,Air Condition,226,CABIN_TEMP,Cabin Temperature Knob,default_axis_limited,,DCS-BIOS,0x8546,,"set_state,variable_step",AnalogInput
input,Doppler Nav,236,PPOS_LAT_BTN,Present Latitude Push-to-Set Knob,default_button_axis,,DCS-BIOS,0x8522,,"fixed_step,set_state,action",ActionButton
input,Doppler Nav,237,PPOS_LON_BTN,Present Longitude Push-to-Set Knob,default_button_axis,,DCS-BIOS,0x8522,,"fixed_step,set_state,action",ActionButton
input,Doppler Nav,238,DEST_LAT_BTN,Destination Latitude Push-to-Set Knob,default_button_axis,,DCS-BIOS,0x8522,,"fixed_step,set_state,action",ActionButton
input,Doppler Nav,239,DEST_LON_BTN,Destination Longitude Push-to-Set Knob,default_button_axis,,DCS-BIOS,0x8522,,"fixed_step,set_state,action",ActionButton
input,Doppler Nav,240,ASN41_MAGVAR_BTN,Magnetic Variation Push-to-Set Knob,default_button_axis,,DCS-BIOS,0x8522,,"fixed_step,set_state,action",ActionButton
input,Doppler Nav,241,ASN41_WINDSPEED_BTN,Wind Speed Push-to-Set Knob,default_button_axis,,DCS-BIOS,0x8522,,"fixed_step,set_state,action",ActionButton
input,Doppler Nav,242,ASN41_WINDDIR_BTN,Wind Direction Push-to-Set Knob,default_button_axis,,DCS-BIOS,0x8522,,"fixed_step,set_state,action",ActionButton
input,Doppler Nav,177,PPOS_LAT_KNB,ASN-41 Present Position - Latitude Knob,analog_dial,,DCS-BIOS,0x8524,0-65535,variable_step,RotaryEncoder
input,Doppler Nav,183,PPOS_LON_KNB,ASN-41 Present Position - Longitude Knob,analog_dial,,DCS-BIOS,0x8526,0-65535,variable_step,RotaryEncoder
input,Doppler Nav,190,DEST_LAT_KNB,ASN-41 Destination - Latitude Knob,analog_dial,,DCS-BIOS,0x8528,0-65535,variable_step,RotaryEncoder
input,Doppler Nav,196,DEST_LON_KNB,ASN-41 Destination - Longitude Knob,analog_dial,,DCS-BIOS,0x852a,0-65535,variable_step,RotaryEncoder
input,Doppler Nav,203,ASN41_MAGVAR_KNB,ASN-41 Magnetic Variation Knob,analog_dial,,DCS-BIOS,0x852c,0-65535,variable_step,RotaryEncoder
input,Doppler Nav,209,ASN41_WINDSPEED_KNB,ASN-41 Wind Speed Knob,analog_dial,,DCS-BIOS,0x852e,0-65535,variable_step,RotaryEncoder
input,Doppler Nav,213,ASN41_WINDDIR_KNB,ASN-41 Wind Direction Knob,analog_dial,,DCS-BIOS,0x8530,0-65535,variable_step,RotaryEncoder
input,Doppler Nav,247,DOPPLER_MEM_TEST,AN/APN-153 Memory Light Test,default_button,,DCS-BIOS,0x8512,,"fixed_step,set_state,action",ActionButton
input,Doppler Nav,248,ASN41_LAT_SLEW,Destination Latitude Slew Knob,springloaded_3_pos_tumb,,DCS-BIOS,0x8544,,"fixed_step,set_state",Switch3Pos
input,Doppler Nav,249,ASN41_LON_SLEW,Destination Longitude Slew Knob,springloaded_3_pos_tumb,,DCS-BIOS,0x8544,,"fixed_step,set_state",Switch3Pos
input,MCL,250,MCL_CHAN_SEL,MCL Channel Selector Switch,multiposition_switch_limited,20,DCS-BIOS,0x854C,,"fixed_step,set_state",AnalogMultiPos(>7)
input,Mechanical Systems,251,SEAT_ADJ,Seat Adjustment Switch,springloaded_3_pos_tumb,,DCS-BIOS,0x854C,,"fixed_step,set_state",Switch3Pos
input,T Handles,252,EMERG_GEN_BYPASS,Emergency Generator Switch,default_2_position_tumb,,DCS-BIOS,0x853E,,"fixed_step,set_state,action",Switch2Pos
input,MCL,253,MCL_PWR,AN/ARA-63 MCL Power Switch,springloaded_forward_only_3_pos_tumb,,DCS-BIOS,0x854C,,"fixed_step,set_state",Switch3Pos
input,TACAN,254,TACAN_ANT_CONT,TACAN Antenna Control Switch (unimplemented),inverted_3_position_tumb,,DCS-BIOS,0x854C,,"fixed_step,set_state",Switch3Pos
input,MCL,255,NAV_DEAD,Navigation Dead Reckoning/Doppler Switch (unimplemented),default_2_position_tumb,,DCS-BIOS,0x8554,,"fixed_step,set_state,action",Switch2Pos
input,Fuel Systems,256,FUEL_TRANS,Fuel Transfer Switch,default_2_position_tumb,,DCS-BIOS,0x8554,,"fixed_step,set_state,action",Switch2Pos
input,Avionics,257,RAIN_REMOVE,Rain Removal Switch (unimplemented),default_2_position_tumb,,DCS-BIOS,0x8554,,"fixed_step,set_state,action",Switch2Pos
input,AFCS,258,AFCS_1N2_COVER,AFCS 1-N-2 Guard Switch,default_2_position_tumb,,DCS-BIOS,0x854C,,"fixed_step,set_state,action",Switch2Pos
input,AFCS,259,AFCS_1N2,AFCS 1-N-2 Switch,springloaded_3_pos_tumb,,DCS-BIOS,0x854C,,"fixed_step,set_state",Switch3Pos
input,UHF Radio,361,ARC51_FREQ_PRE,Radio Preset Channel Selector,multiposition_switch_limited,20,DCS-BIOS,0x853A,,"fixed_step,set_state",RotaryEncoder
input,UHF Radio,365,ARC51_VOL,Radio Volume,default_axis_limited,,DCS-BIOS,0x853C,,"set_state,variable_step",AnalogInput
input,UHF Radio,366,ARC51_XMIT_MODE,Radio Frequency Mode,multiposition_switch_limited,,DCS-BIOS,0x8532,,"fixed_step,set_state",Switch3Pos
input,UHF Radio,367,ARC51_FREQ_10MHZ,Radio Frequency 10 MHz,multiposition_switch_limited,18,DCS-BIOS,0x853A,,"fixed_step,set_state",RotaryEncoder
input,UHF Radio,368,ARC51_FREQ_1MHZ,Radio Frequency 1 MHz,multiposition_switch_limited,10,DCS-BIOS,0x853A,,"fixed_step,set_state",RotaryEncoder
input,UHF Radio,369,ARC51_FREQ_50KHZ,Radio Frequency 50 kHz,multiposition_switch_limited,20,DCS-BIOS,0x853E,,"fixed_step,set_state",RotaryEncoder
input,UHF Radio,370,ARC51_SQUELCH,Radio Squelch Disable,default_2_position_tumb,,DCS-BIOS,0x8532,,"fixed_step,set_state,action",Switch2Pos
input,UHF Radio,372,ARC51_MODE,AN/ARC-51A UHF Radio Mode Switch,multiposition_switch_limited,4,DCS-BIOS,0x853A,,"fixed_step,set_state",SwitchMultiPos
input,Off,390,GUNPOD_CLEAR,Gunpod Switch,multiposition_switch_limited,,DCS-BIOS,0x84EA,,"fixed_step,set_state",SwitchMultiPos/enc/ladder
input,Gunpods,391,GUNPOD_L,Gunpod Station LH Switch,default_2_position_tumb,,DCS-BIOS,0x84EA,,"fixed_step,set_state,action",Switch2Pos
input,Gunpods,392,GUNPOD_C,Gunpod Station CTR Switch,default_2_position_tumb,,DCS-BIOS,0x84EA,,"fixed_step,set_state,action",Switch2Pos
input,Gunpods,393,GUNPOD_R,Gunpod Station RH Switch,default_2_position_tumb,,DCS-BIOS,0x84EA,,"fixed_step,set_state,action",Switch2Pos
input,Radar Scope,400,RADAR_STORAGE,Radar Indicator Storage,default_axis_limited,,DCS-BIOS,0x84F2,,"set_state,variable_step",AnalogInput
input,Radar Scope,401,RADAR_BRILLIANCE,Radar Indicator Brilliance,default_axis_limited,,DCS-BIOS,0x84F4,,"set_state,variable_step",AnalogInput
input,Radar Scope,402,RADAR_DETAIL,Radar Indicator Detail,default_axis_limited,,DCS-BIOS,0x84F6,,"set_state,variable_step",AnalogInput
input,Radar Scope,403,RADAR_GAIN,Radar Indicator Gain,default_axis_limited,,DCS-BIOS,0x84F8,,"set_state,variable_step",AnalogInput
input,Radar Scope,404,RADAR_RETICLE,Radar Indicator Reticle,default_axis_limited,,DCS-BIOS,0x84FA,,"set_state,variable_step",AnalogInput
input,Radar Scope,405,RADAR_FILTER,Radar Indicator Filter Plate,default_2_position_tumb,,DCS-BIOS,0x84EA,,"fixed_step,set_state,action",Switch2Pos
input,ECM Panel,501,ECM_APR27_PW,APR-27 Switch,default_2_position_tumb,,DCS-BIOS,0x853E,,"fixed_step,set_state,action",Switch2Pos
input,ECM Panel,502,ECM_SEL,AN/APR-25 Function Selector Switch,multiposition_switch_limited,4,DCS-BIOS,0x853E,,"fixed_step,set_state",SwitchMultiPos/enc/ladder
input,ECM Panel,503,ECM_AUDIO,Audio ALQ Switch,default_2_position_tumb,,DCS-BIOS,0x853E,,"fixed_step,set_state,action",Switch2Pos
input,ECM Panel,504,ECM_APR25_PW,APR-25 Switch,default_2_position_tumb,,DCS-BIOS,0x853E,,"fixed_step,set_state,action",Switch2Pos
input,?,505,ECM_MSL_VOL,Missile Alert Volume,default_axis_limited,,DCS-BIOS,0x8542,,"set_state,variable_step",AnalogInput
input,?,506,ECM_PRF_VOL,PRF Volume,default_axis_limited,,DCS-BIOS,0x8540,,"set_state,variable_step",AnalogInput
input,ECM Panel,507,ECM_APR27_TEST,APR-27 Test,default_button,,DCS-BIOS,0x853E,,"fixed_step,set_state,action",ActionButton
input,,509,,Compass Latitude Knob (unimplemented),default_axis_limited,,HID/keybind,,,,AnalogInput
input,ECM Panel,510,ECM_APR27_LIGHT,APR-27 Light,default_button,,DCS-BIOS,0x853E,,"fixed_step,set_state,action",ActionButton
input,,511,,Compass Heading Set Knob (unimplemented),springloaded_3_pos_tumb,,HID/keybind,,,,Switch3Pos
input,,512,,Compass Mode (unimplemented),default_2_position_tumb,,HID/keybind,,,,Switch2Pos
input,,513,,Compass Push-to-Sync (unimplemented),default_button,,HID/keybind,,,,ActionButton
input,Countermeasures,522,CM_BANK,Dispenser Select,multiposition_switch_limited,,DCS-BIOS,0x84EA,,"fixed_step,set_state",SwitchMultiPos/enc/ladder
input,Countermeasures,523,CM_AUTO,Chaff AUTO Pushbutton (ALE-29A Salvo),default_button,,DCS-BIOS,0x84EA,,"fixed_step,set_state,action",ActionButton
input,Countermeasures,524,CM_ADJ1,Dispenser 1 Counter,default_axis,,DCS-BIOS,0x84FC,,variable_step,AnalogInput
input,Countermeasures,525,CM_ADJ2,Dispenser 2 Counter,default_axis,,DCS-BIOS,0x84FE,,variable_step,AnalogInput
input,Countermeasures,530,CM_PWR,Chaff Power Switch,default_2_position_tumb,,DCS-BIOS,0x84EA,,"fixed_step,set_state,action",Switch2Pos
input,Avionics,603,RADAR_ALT_SW,AN/APN-141 Radar Altimeter,default_button_axis,,DCS-BIOS,0x850E,,"fixed_step,set_state,action",PushSetKnob
input,Avionics,663,STBY_ATT_INDEX_BTN,Standby Attitude Horizon,default_button_axis,,DCS-BIOS,0x8512,,"fixed_step,set_state,action",PushSetKnob
input,Armament Panel,700,ARM_EMERG_SEL,Emergency Release Selector,multiposition_switch_limited,7,DCS-BIOS,0x8500,,"fixed_step,set_state",SwitchMultiPos/enc/ladder
input,Armament Panel,701,ARM_GUN,Guns Charging Switch,default_2_position_tumb,,DCS-BIOS,0x84EA,,"fixed_step,set_state,action",Switch2Pos
input,Armament Panel,702,ARM_BOMB,Bomb Arm Switch,default_3_position_tumb,,DCS-BIOS,0x8500,,"fixed_step,set_state",Switch3Pos
input,Armament Panel,703,ARM_STATION1,Station 1 Selector Switch,default_2_position_tumb,,DCS-BIOS,0x8500,,"fixed_step,set_state,action",Switch2Pos
input,Armament Panel,704,ARM_STATION2,Station 2 Selector Switch,default_2_position_tumb,,DCS-BIOS,0x8500,,"fixed_step,set_state,action",Switch2Pos
input,Armament Panel,705,ARM_STATION3,Station 3 Selector Switch,default_2_position_tumb,,DCS-BIOS,0x8500,,"fixed_step,set_state,action",Switch2Pos
input,Armament Panel,706,ARM_STATION4,Station 4 Selector Switch,default_2_position_tumb,,DCS-BIOS,0x8500,,"fixed_step,set_state,action",Switch2Pos
input,Armament Panel,707,ARM_STATION5,Station 5 Selector Switch,default_2_position_tumb,,DCS-BIOS,0x8500,,"fixed_step,set_state,action",Switch2Pos
input,Armament Panel,708,ARM_FUNC_SEL,Weapon Function Selector Switch,multiposition_switch_limited,7,DCS-BIOS,0x8500,,"fixed_step,set_state",SwitchMultiPos/enc/ladder
input,Armament Panel,709,ARM_MASTER,Master Armament Switch,default_2_position_tumb,,DCS-BIOS,0x8500,,"fixed_step,set_state,action",Switch2Pos
input,Avionics,720,FUEL_EXT_BTN,Internal-External Fuel Switch,default_button,,DCS-BIOS,0x8512,,"fixed_step,set_state,action",ActionButton
input,Radar Scope,721,RADAR_PROFILE,Radar Terrain Clearance Switch,default_2_position_tumb,,DCS-BIOS,0x8500,,"fixed_step,set_state,action",Switch2Pos
input,Radar Scope,722,RADAR_RANGE,Radar Range Switch,default_2_position_tumb,,DCS-BIOS,0x8502,,"fixed_step,set_state,action",Switch2Pos
input,Avionics,723,MASTER_TEST,Master Test Switch,default_button,,DCS-BIOS,0x8512,,"fixed_step,set_state,action",ActionButton
input,BDHI,724,BDHI_MODE,BDHI Switch,multiposition_switch_limited,,DCS-BIOS,0x8502,,"fixed_step,set_state",SwitchMultiPos/enc/ladder
input,Armament Panel,725,SHRIKE_SEL_KNB,Shrike Selector Knob,multiposition_switch_limited,5,DCS-BIOS,0x8502,,"fixed_step,set_state",SwitchMultiPos/enc/ladder
input,Armament Panel,726,MISSILE_VOL,Shrike/Sidewinder Volume Knob,default_axis_limited,,DCS-BIOS,0x8506,,"set_state,variable_step",AnalogInput
input,Armament Panel,740,AWRS_QUANT,AWRS Quantity Selector Switch,multiposition_switch_limited,12,DCS-BIOS,0x8502,,"fixed_step,set_state",AnalogMultiPos(>7)
input,Armament Panel,742,AWRS_DROP_INT,AWRS Drop Interval Knob,default_axis_limited,,DCS-BIOS,0x8504,,"set_state,variable_step",AnalogInput
input,Armament Panel,743,AWRS_MULTI,AWRS Multiplier Switch,default_2_position_tumb,,DCS-BIOS,0x8500,,"fixed_step,set_state,action",Switch2Pos
input,Armament Panel,744,AWRS_MODE,AWRS Mode Selector Switch,multiposition_switch_limited,6,DCS-BIOS,0x8502,,"fixed_step,set_state",SwitchMultiPos/enc/ladder
input,Avionics,827,ALT_PRESS_KNB,Altimeter Pressure,default_axis,,DCS-BIOS,0x8516,,variable_step,AnalogInput
input,Avionics,853,AOA_INDEX_DIM,AoA Indexer Dimming Wheel,default_axis_limited,,DCS-BIOS,0x851A,,"set_state,variable_step",AnalogInput
input,Avionics,885,IAS_INDEX_BTN,IAS Index,default_button_axis,,DCS-BIOS,0x8512,,"fixed_step,set_state,action",PushSetKnob
input,Gunsight,891,GUNSIGHT_DAY_NIGHT,Gunsight Day-Night Switch,default_2_position_tumb,,DCS-BIOS,0x8512,,"fixed_step,set_state,action",Switch2Pos
input,Gunsight,892,GUNSIGHT_KNB,Gunsight Elevation Control,default_movable_axis,,DCS-BIOS,0x851E,,"set_state,variable_step",AnalogInput
input,Gunsight,895,GUNSIGHT_BRIGHT,Gunsight Light Control,default_axis,,DCS-BIOS,0x851C,,variable_step,AnalogInput
input,TACAN,900,TACAN_MODE,AN/ARN-52 TACAN Mode Switch,multiposition_switch_limited,4,DCS-BIOS,0x8512,,"fixed_step,set_state",SwitchMultiPos/enc/ladder
input,TACAN,901,TACAN_CHAN_MAJ,TACAN Channel 10s,multiposition_switch_limited,13,DCS-BIOS,0x8512,,"fixed_step,set_state",AnalogMultiPos(>7)
input,TACAN,902,TACAN_CHAN_MIN,TACAN Channel 1s,multiposition_switch_limited,10,DCS-BIOS,0x8512,,"fixed_step,set_state",AnalogMultiPos(>7)
input,TACAN,903,TACAN_VOL,TACAN Volume,default_axis_limited,,DCS-BIOS,0x8520,,"set_state,variable_step",AnalogInput
input,T Handles,1240,EMERG_GEAR_REL,Emergency Landing Gear Release Handle,default_2_position_tumb,,DCS-BIOS,0x8532,,"fixed_step,set_state,action",Switch2Pos
input,T Handles,1241,EMERG_BOMB_REL,Emergency Stores Release Handle,default_2_position_tumb,,DCS-BIOS,0x853E,,"fixed_step,set_state,action",Switch2Pos
input,T Handles,1242,MAN_FLIGHT_CONTROL,Manual Flight Control Handle,default_2_position_tumb,,DCS-BIOS,0x853E,,"fixed_step,set_state,action",Switch2Pos
input,T Handles,1243,EMERG_GEN_DEPLOY,Emergency Generator Release Handle,default_2_position_tumb,,DCS-BIOS,0x853E,,"fixed_step,set_state,action",Switch2Pos
output,AFCS  [AFCS_HDG],,AFCS_HDG_100S,AFCS Heading 100's,gauge,,DCS-BIOS,0x8476,65535,,NeedleGauge
output,AFCS  [AFCS_HDG],,AFCS_HDG_10S,AFCS Heading 10's,gauge,,DCS-BIOS,0x8478,65535,,NeedleGauge
output,AFCS  [AFCS_HDG],,AFCS_HDG_1S,AFCS Heading 1's,gauge,,DCS-BIOS,0x847A,65535,,NeedleGauge
output,AFCS,,AFCS_PITCH,AFCS Pitch Gauge,gauge,,DCS-BIOS,0x8552,65535,,NeedleGauge
output,AFCS,,AFCS_ROLL,AFCS Roll Gauge,gauge,,DCS-BIOS,0x854E,65535,,NeedleGauge
output,AFCS,,AFCS_YAW,AFCS Yaw Gauge,gauge,,DCS-BIOS,0x8550,65535,,NeedleGauge
output,AOA Indicator,,AOA_GREEN,AOA Indexer (green),LED,,DCS-BIOS,0x8470,1,,LED
output,AOA Indicator,,AOA_RED,AOA Indexer (red),LED,,DCS-BIOS,0x8470,1,,LED
output,AOA Indicator,,AOA_YELLOW,AOA Indexer (yellow),LED,,DCS-BIOS,0x8470,1,,LED
output,Advisory Lights,,D_ADVISORY_DIVE,Dive Light (yellow),LED,,DCS-BIOS,0x8470,1,,LED
output,Advisory Lights,,D_ADVISORY_INRANGE,In Range Light (yellow),LED,,DCS-BIOS,0x8470,1,,LED
output,Advisory Lights,,D_ADVISORY_SETRANGE,Set Range Light (yellow),LED,,DCS-BIOS,0x8470,1,,LED
output,ApproachPowerCompensator,,APC_LIGHT,APC Indicator Light (red),LED,,DCS-BIOS,0x8470,1,,LED
output,Armament Panel,,AWRS_POWER,AWRS Power Indicator Light (yellow),LED,,DCS-BIOS,0x8470,1,,LED
output,BDHI  [BDHI],,BDHI_DME_00X,BDHI nnX,gauge,,DCS-BIOS,0x846A,65535,,NeedleGauge
output,BDHI  [BDHI],,BDHI_DME_0X0,BDHI nXn,gauge,,DCS-BIOS,0x8468,65535,,NeedleGauge
output,BDHI  [BDHI],,BDHI_DME_FLAG,BDHI Flag,gauge,,DCS-BIOS,0x8464,65535,,NeedleGauge
output,BDHI  [BDHI],,BDHI_DME_X00,BDHI Xnn,gauge,,DCS-BIOS,0x8466,65535,,NeedleGauge
output,BDHI  [BDHI],,BDHI_HDG,BDHI Heading,gauge,,DCS-BIOS,0x845E,65535,,NeedleGauge
output,BDHI  [BDHI],,BDHI_ILS_GS,BDHI ILS GS,gauge,,DCS-BIOS,0x846C,65535,,NeedleGauge
output,BDHI  [BDHI],,BDHI_ILS_LOC,BDHI ILS LOC,gauge,,DCS-BIOS,0x846E,65535,,NeedleGauge
output,BDHI  [BDHI],,BDHI_NEEDLE1,BDHI Needle 1,gauge,,DCS-BIOS,0x8460,65535,,NeedleGauge
output,BDHI  [BDHI],,BDHI_NEEDLE2,BDHI Needle 2,gauge,,DCS-BIOS,0x8462,65535,,NeedleGauge
output,Clock  [CURRTIME],,CURRTIME_HOURS,Current Hours,gauge,,DCS-BIOS,0x84E0,65535,,NeedleGauge
output,Clock  [CURRTIME],,CURRTIME_MINS,Current Minutes,gauge,,DCS-BIOS,0x84E2,65535,,NeedleGauge
output,Clock  [CURRTIME],,CURRTIME_SECS,Current Seconds,gauge,,DCS-BIOS,0x84E4,65535,,NeedleGauge
output,Clock  [STOPWATCH],,STOPWATCH_MINS,Stopwatch Minutes,gauge,,DCS-BIOS,0x84E6,65535,,NeedleGauge
output,Clock  [STOPWATCH],,STOPWATCH_SECS,Stopwatch Seconds,gauge,,DCS-BIOS,0x84E8,65535,,NeedleGauge
output,Countermeasures  [CM_BANK1],,CM_BANK1_0X,CM Bank 1 1's,gauge,,DCS-BIOS,0x84C8,65535,,NeedleGauge
output,Countermeasures  [CM_BANK1],,CM_BANK1_X0,CM Bank 1 10's,gauge,,DCS-BIOS,0x84C6,65535,,NeedleGauge
output,Countermeasures  [CM_BANK2],,CM_BANK2_0X,CM Bank 2 1's,gauge,,DCS-BIOS,0x84CC,65535,,NeedleGauge
output,Countermeasures  [CM_BANK2],,CM_BANK2_X0,CM Bank 2 10's,gauge,,DCS-BIOS,0x84CA,65535,,NeedleGauge
output,Doppler Nav,,APN153_DRIFT_GAUGE,Drift Gauge,gauge,,DCS-BIOS,0x847C,65535,,NeedleGauge
output,Doppler Nav  [APN153_SPEED],,APN153_SPEED_00X,Speed nnX,gauge,,DCS-BIOS,0x8482,65535,,DrumDisplay
output,Doppler Nav  [APN153_SPEED],,APN153_SPEED_0X0,Speed nXn,gauge,,DCS-BIOS,0x8480,65535,,DrumDisplay
output,Doppler Nav  [APN153_SPEED],,APN153_SPEED_X00,Speed Xnn,gauge,,DCS-BIOS,0x847E,65535,,DrumDisplay
output,Doppler Nav  [ASN41_MAGVAR],,ASN41_MAGVAR_0000X,MagVar nnnnX,gauge,,DCS-BIOS,0x84C4,65535,,NeedleGauge
output,Doppler Nav  [ASN41_MAGVAR],,ASN41_MAGVAR_000X0,MagVar nnnXn,gauge,,DCS-BIOS,0x84C2,65535,,NeedleGauge
output,Doppler Nav  [ASN41_MAGVAR],,ASN41_MAGVAR_00X00,MagVar nnXnn,gauge,,DCS-BIOS,0x84C0,65535,,NeedleGauge
output,Doppler Nav  [ASN41_MAGVAR],,ASN41_MAGVAR_0X000,MagVar nXnnn,gauge,,DCS-BIOS,0x84BE,65535,,NeedleGauge
output,Doppler Nav  [ASN41_MAGVAR],,ASN41_MAGVAR_X0000,MagVar Xnnnn,gauge,,DCS-BIOS,0x84BC,65535,,NeedleGauge
output,Doppler Nav  [ASN41_WINDDIR],,ASN41_WINDDIR_00X,Wind Direction nnX,gauge,,DCS-BIOS,0x84BA,65535,,NeedleGauge
output,Doppler Nav  [ASN41_WINDDIR],,ASN41_WINDDIR_0X0,Wind Direction nXn,gauge,,DCS-BIOS,0x84B8,65535,,NeedleGauge
output,Doppler Nav  [ASN41_WINDDIR],,ASN41_WINDDIR_X00,Wind Direction Xnn,gauge,,DCS-BIOS,0x84B6,65535,,NeedleGauge
output,Doppler Nav  [ASN41_WINDSPEED],,ASN41_WINDSPEED_00X,Windspeed nnX,gauge,,DCS-BIOS,0x84B4,65535,,NeedleGauge
output,Doppler Nav  [ASN41_WINDSPEED],,ASN41_WINDSPEED_0X0,Windspeed nXn,gauge,,DCS-BIOS,0x84B2,65535,,NeedleGauge
output,Doppler Nav  [ASN41_WINDSPEED],,ASN41_WINDSPEED_X00,Windspeed Xnn,gauge,,DCS-BIOS,0x84B0,65535,,NeedleGauge
output,Doppler Nav Destination  [NAV_DEST_LAT],,NAV_DEST_LAT_0000X,Destination Latitude nnnnX,gauge,,DCS-BIOS,0x84A2,65535,,NeedleGauge
output,Doppler Nav Destination  [NAV_DEST_LAT],,NAV_DEST_LAT_000X0,Destination Latitude nnnXn,gauge,,DCS-BIOS,0x84A0,65535,,NeedleGauge
output,Doppler Nav Destination  [NAV_DEST_LAT],,NAV_DEST_LAT_00X00,Destination Latitude nnXnn,gauge,,DCS-BIOS,0x849E,65535,,NeedleGauge
output,Doppler Nav Destination  [NAV_DEST_LAT],,NAV_DEST_LAT_0X000,Destination Latitude nXnnn,gauge,,DCS-BIOS,0x849C,65535,,NeedleGauge
output,Doppler Nav Destination  [NAV_DEST_LAT],,NAV_DEST_LAT_X0000,Destination Latitude Xnnnn,gauge,,DCS-BIOS,0x849A,65535,,NeedleGauge
output,Doppler Nav Destination  [NAV_DEST_LON],,NAV_DEST_LON_00000X,Destination Longitude nnnnnX,gauge,,DCS-BIOS,0x84AE,65535,,NeedleGauge
output,Doppler Nav Destination  [NAV_DEST_LON],,NAV_DEST_LON_0000X0,Destination Longitude nnnnXn,gauge,,DCS-BIOS,0x84AC,65535,,NeedleGauge
output,Doppler Nav Destination  [NAV_DEST_LON],,NAV_DEST_LON_000X00,Destination Longitude nnnXnn,gauge,,DCS-BIOS,0x84AA,65535,,NeedleGauge
output,Doppler Nav Destination  [NAV_DEST_LON],,NAV_DEST_LON_00X000,Destination Longitude nnXnnn,gauge,,DCS-BIOS,0x84A8,65535,,NeedleGauge
output,Doppler Nav Destination  [NAV_DEST_LON],,NAV_DEST_LON_0X0000,Destination Longitude nXnnnn,gauge,,DCS-BIOS,0x84A6,65535,,NeedleGauge
output,Doppler Nav Destination  [NAV_DEST_LON],,NAV_DEST_LON_X00000,Destination Longitude Xnnnnn,gauge,,DCS-BIOS,0x84A4,65535,,NeedleGauge
output,Doppler Nav Lights,,APN153_MEMORYLIGHT,Memory Light (yellow),LED,,DCS-BIOS,0x8470,1,,LED
output,Doppler Nav Position  [NAV_CURPOS_LAT],,NAV_CURPOS_LAT_0000X,Current Latitude nnnnX,gauge,,DCS-BIOS,0x848C,65535,,NeedleGauge
output,Doppler Nav Position  [NAV_CURPOS_LAT],,NAV_CURPOS_LAT_000X0,Current Latitude nnnXn,gauge,,DCS-BIOS,0x848A,65535,,NeedleGauge
output,Doppler Nav Position  [NAV_CURPOS_LAT],,NAV_CURPOS_LAT_00X00,Current Latitude nnXnn,gauge,,DCS-BIOS,0x8488,65535,,NeedleGauge
output,Doppler Nav Position  [NAV_CURPOS_LAT],,NAV_CURPOS_LAT_0X000,Current Latitude nXnnn,gauge,,DCS-BIOS,0x8486,65535,,NeedleGauge
output,Doppler Nav Position  [NAV_CURPOS_LAT],,NAV_CURPOS_LAT_X0000,Current Latitude Xnnnn,gauge,,DCS-BIOS,0x8484,65535,,NeedleGauge
output,Doppler Nav Position  [NAV_CURPOS_LON],,NAV_CURPOS_LON_00000X,Current Longitude nnnnnX,gauge,,DCS-BIOS,0x8498,65535,,NeedleGauge
output,Doppler Nav Position  [NAV_CURPOS_LON],,NAV_CURPOS_LON_0000X0,Current Longitude nnnnXn,gauge,,DCS-BIOS,0x8496,65535,,NeedleGauge
output,Doppler Nav Position  [NAV_CURPOS_LON],,NAV_CURPOS_LON_000X00,Current Longitude nnnXnn,gauge,,DCS-BIOS,0x8494,65535,,NeedleGauge
output,Doppler Nav Position  [NAV_CURPOS_LON],,NAV_CURPOS_LON_00X000,Current Longitude nnXnnn,gauge,,DCS-BIOS,0x8492,65535,,NeedleGauge
output,Doppler Nav Position  [NAV_CURPOS_LON],,NAV_CURPOS_LON_0X0000,Current Longitude nXnnnn,gauge,,DCS-BIOS,0x8490,65535,,NeedleGauge
output,Doppler Nav Position  [NAV_CURPOS_LON],,NAV_CURPOS_LON_X00000,Current Longitude Xnnnnn,gauge,,DCS-BIOS,0x848E,65535,,NeedleGauge
output,ECM Panel Lights,,ECM_GO_LIGHT,ECM GO Light (green),LED,,DCS-BIOS,0x8470,1,,LED
output,ECM Panel Lights,,ECM_NOGO_LIGHT,ECM NO GO Light (red),LED,,DCS-BIOS,0x8470,1,,LED
output,ECM Panel Lights,,ECM_REC_LIGHT,ECM REC Light (red),LED,,DCS-BIOS,0x84EA,1,,LED
output,ECM Panel Lights,,ECM_RPT_LIGHT,ECM RPT Light (green),LED,,DCS-BIOS,0x8470,1,,LED
output,ECM Panel Lights,,ECM_SAM_LIGHT,ECM SAM Light (red),LED,,DCS-BIOS,0x8470,1,,LED
output,ECM Panel Lights,,ECM_STBY_LIGHT,ECM STBY Light (yellow),LED,,DCS-BIOS,0x8470,1,,LED
output,ECM Panel Lights,,ECM_TEST_LIGHT,ECM Test Light (white),LED,,DCS-BIOS,0x8470,1,,LED
output,ECM Panel Lights,,RWR_LIGHT,Glareshield RWR Light,LED,,DCS-BIOS,0x8470,1,,LED
output,Engine Instruments,,D_FUEL,Fuel Gauge,gauge,,DCS-BIOS,0x840C,65535,,NeedleGauge
output,Engine Instruments,,D_FUEL_FLOW,Fuel Flow,gauge,,DCS-BIOS,0x8406,65535,,NeedleGauge
output,Engine Instruments,,EGT_C,EGT,gauge,,DCS-BIOS,0x8404,65535,,NeedleGauge
output,Engine Instruments,,OIL_PRESSURE,Oil Pressure,gauge,,DCS-BIOS,0x8408,65535,,NeedleGauge
output,Engine Instruments,,PRESSURE_RATIO,Pressure Ratio,gauge,,DCS-BIOS,0x840A,65535,,NeedleGauge
output,Engine Instruments,,RPM,Engine RPM,gauge,,DCS-BIOS,0x8400,65535,,NeedleGauge
output,Engine Instruments,,RPM_DECI,Engine RPM DECI,gauge,,DCS-BIOS,0x8402,65535,,NeedleGauge
output,Gunsight,,D_GUNSIGHT_REFLECTOR,Gunsight Reflector Elevation,gauge,,DCS-BIOS,0x845A,65535,,NeedleGauge
output,Lights,,APG53A_GLOW,Radar Glow Light (green),gauge,,DCS-BIOS,0x84DE,65535,,NeedleGauge
output,Lights,,LIGHTS_CONSOLE,Console Lights (red),gauge,,DCS-BIOS,0x84DC,65535,,NeedleGauge
output,Lights,,LIGHTS_FLOOD_RED,Red Flood Lights (red),gauge,,DCS-BIOS,0x84D8,65535,,NeedleGauge
output,Lights,,LIGHTS_FLOOD_WHITE,White Flood Lights (white),gauge,,DCS-BIOS,0x84D6,65535,,NeedleGauge
output,Lights,,LIGHTS_INSTRUMENTS,Instrument Lights (red),gauge,,DCS-BIOS,0x84DA,65535,,NeedleGauge
output,Main Flight Instruments  [ACCEL],,ACCEL_CUR,Accelerometer,gauge,,DCS-BIOS,0x8442,65535,,NeedleGauge
output,Main Flight Instruments  [ACCEL],,ACCEL_MAX,Accelerometer Max,gauge,,DCS-BIOS,0x8444,65535,,NeedleGauge
output,Main Flight Instruments  [ACCEL],,ACCEL_MIN,Accelerometer Min,gauge,,DCS-BIOS,0x8446,65535,,NeedleGauge
output,Main Flight Instruments  [ADI],,ADI_HDG,ADI Heading,gauge,,DCS-BIOS,0x844E,65535,,NeedleGauge
output,Main Flight Instruments  [ADI],,ADI_OFF,ADI Off,gauge,,DCS-BIOS,0x8450,65535,,NeedleGauge
output,Main Flight Instruments  [ADI],,ADI_PITCH,ADI Pitch,gauge,,DCS-BIOS,0x844A,65535,,NeedleGauge
output,Main Flight Instruments  [ADI],,ADI_ROLL,ADI Roll,gauge,,DCS-BIOS,0x844C,65535,,NeedleGauge
output,Main Flight Instruments  [ADI],,ADI_SLIP,ADI Slip,gauge,,DCS-BIOS,0x8452,65535,,NeedleGauge
output,Main Flight Instruments  [ADI],,ADI_TURN,ADI Turn,gauge,,DCS-BIOS,0x8454,65535,,NeedleGauge
output,Main Flight Instruments  [ALT_ADJ],,ALT_ADJ_000N,Altimeter Adjustment xxxN,gauge,,DCS-BIOS,0x843A,65535,,NeedleGauge
output,Main Flight Instruments  [ALT_ADJ],,ALT_ADJ_00N0,Altimeter Adjustment xxNx,gauge,,DCS-BIOS,0x8438,65535,,NeedleGauge
output,Main Flight Instruments  [ALT_ADJ],,ALT_ADJ_NN00,Altimeter Adjustment NNxx,gauge,,DCS-BIOS,0x8436,65535,,NeedleGauge
output,Main Flight Instruments,,AOA_G,Angle Of Attack,gauge,,DCS-BIOS,0x8458,65535,,NeedleGauge
output,Main Flight Instruments  [ATTGYRO_STBY],,ATTGYRO_STBY_HORIZ,SAI Horizon,gauge,,DCS-BIOS,0x8418,65535,,NeedleGauge
output,Main Flight Instruments  [ATTGYRO_STBY],,ATTGYRO_STBY_OFF,SAI Off,gauge,,DCS-BIOS,0x841E,65535,,NeedleGauge
output,Main Flight Instruments  [ATTGYRO_STBY],,ATTGYRO_STBY_PITCH,SAI Pitch,gauge,,DCS-BIOS,0x841A,65535,,NeedleGauge
output,Main Flight Instruments  [ATTGYRO_STBY],,ATTGYRO_STBY_ROLL,SAI Roll,gauge,,DCS-BIOS,0x841C,65535,,NeedleGauge
output,Main Flight Instruments,,CABIN_ALT,Cabin Altitude,gauge,,DCS-BIOS,0x843C,65535,,NeedleGauge
output,Main Flight Instruments,,COMPASS_HDG,Backup Compass,gauge,,DCS-BIOS,0x8456,65535,,NeedleGauge
output,Main Flight Instruments  [D_ALT],,D_ALT_100S,Altimeter 100s,gauge,,DCS-BIOS,0x8434,65535,,NeedleGauge
output,Main Flight Instruments  [D_ALT],,D_ALT_10K,Altimeter 10k,gauge,,DCS-BIOS,0x8430,65535,,NeedleGauge
output,Main Flight Instruments  [D_ALT],,D_ALT_1K,Altimeter 1k,gauge,,DCS-BIOS,0x8432,65535,,NeedleGauge
output,Main Flight Instruments  [D_ALT],,D_ALT_NEEDLE,Altimeter needle,gauge,,DCS-BIOS,0x842E,65535,,NeedleGauge
output,Main Flight Instruments  [D_IAS],,D_IAS_DEG,IAS,gauge,,DCS-BIOS,0x8420,65535,,NeedleGauge
output,Main Flight Instruments  [D_IAS],,D_IAS_IDX,IAS Index,gauge,,DCS-BIOS,0x8424,65535,,NeedleGauge
output,Main Flight Instruments  [D_IAS],,D_IAS_MACH_DEG,Mach Disc,gauge,,DCS-BIOS,0x8422,65535,,NeedleGauge
output,Main Flight Instruments,,D_MACH_IDX,Mach Index,gauge,,DCS-BIOS,0x8426,65535,,NeedleGauge
output,Main Flight Instruments,,D_OXYGEN_OFF,Oxygen off flag,gauge,,DCS-BIOS,0x8440,65535,,NeedleGauge
output,Main Flight Instruments,,D_RADAR_ALT,Radar Altimeter,gauge,,DCS-BIOS,0x8428,65535,,NeedleGauge
output,Main Flight Instruments,,D_RADAR_IDX,Radar ALtimeter Indexer,gauge,,DCS-BIOS,0x842A,65535,,NeedleGauge
output,Main Flight Instruments,,D_RADAR_OFF,Radar Altimeter Off flag,gauge,,DCS-BIOS,0x842C,65535,,NeedleGauge
output,Main Flight Instruments,,LIQUID_O2,Liquid Oxygen,gauge,,DCS-BIOS,0x843E,65535,,NeedleGauge
output,Main Flight Instruments,,VVI,Variometer,gauge,,DCS-BIOS,0x8448,65535,,NeedleGauge
output,Mechanical Systems,,CANOPY_POS,Canopy Position,gauge,,DCS-BIOS,0x84EC,65535,,NeedleGauge
output,Mechanical Systems,,GEAR_LIGHT,Landing Gear Light (red),LED,,DCS-BIOS,0x845C,1,,LED
output,Mechanical Systems Indicators,,D_FLAPS_IND,Flaps Indicator,gauge,,DCS-BIOS,0x840E,65535,,NeedleGauge
output,Mechanical Systems Indicators,,D_TAIL_HOOK,Hook Indicator,gauge,,DCS-BIOS,0x8410,65535,,NeedleGauge
output,Mechanical Systems Indicators,,GEAR_LEFT,Left Gear Indicator,gauge,,DCS-BIOS,0x8414,65535,,NeedleGauge
output,Mechanical Systems Indicators,,GEAR_NOSE,Nose Gear Indicator,gauge,,DCS-BIOS,0x8412,65535,,NeedleGauge
output,Mechanical Systems Indicators,,GEAR_RIGHT,Right Gear Indicator,gauge,,DCS-BIOS,0x8416,65535,,NeedleGauge
output,Radar Control Panel Gauges,,APG53A_BOTTOMRANGE,Radar Plan Range,gauge,,DCS-BIOS,0x8474,65535,,NeedleGauge
output,Radar Control Panel Gauges,,APG53A_LEFTRANGE,Radar Profile Range,gauge,,DCS-BIOS,0x8472,65535,,NeedleGauge
output,UHF Radio  [ARC51_FREQ],,ARC51_FREQ_000XX,Frequency nnnXX,gauge,,DCS-BIOS,0x84D2,65535,,DrumDisplay
output,UHF Radio  [ARC51_FREQ],,ARC51_FREQ_00X00,Frequency nnXnn,gauge,,DCS-BIOS,0x84D0,65535,,DrumDisplay
output,UHF Radio  [ARC51_FREQ],,ARC51_FREQ_PRESET,Frequency Preset,gauge,,DCS-BIOS,0x84D4,65535,,DrumDisplay
output,UHF Radio  [ARC51_FREQ],,ARC51_FREQ_XX000,Frequency XXnnn,gauge,,DCS-BIOS,0x84CE,65535,,DrumDisplay
output,Warning Lamps,,D_CONTHYD_CAUTION,Control Hydraulics-Caution Ladder (yellow),LED,,DCS-BIOS,0x845C,1,,LED
output,Warning Lamps,,D_FUELBOOST_CAUTION,Fuel Boost-Caution Ladder (yellow),LED,,DCS-BIOS,0x845C,1,,LED
output,Warning Lamps,,D_FUELTRANS_CAUTION,Fuel Transfer-Caution Ladder (yellow),LED,,DCS-BIOS,0x845C,1,,LED
output,Warning Lamps,,D_GLARE_FIRE,Glareshield Fire (red),LED,,DCS-BIOS,0x845C,1,,LED
output,Warning Lamps,,D_GLARE_IFF,Glareshield IFF (white),LED,,DCS-BIOS,0x845C,1,,LED
output,Warning Lamps,,D_GLARE_LABS,Glareshield LABS (yellow),LED,,DCS-BIOS,0x845C,1,,LED
output,Warning Lamps,,D_GLARE_LAWS,Glareshield LAWS (red),LED,,DCS-BIOS,0x845C,1,,LED
output,Warning Lamps,,D_GLARE_OBST,Glareshield OBST (yellow),LED,,DCS-BIOS,0x845C,1,,LED
output,Warning Lamps,,D_GLARE_WHEELS,Glareshield Wheels (white),LED,,DCS-BIOS,0x845C,1,,LED
output,Warning Lamps,,D_OIL_LOW,Oil Low Light (yellow),LED,,DCS-BIOS,0x845C,1,,LED
output,Warning Lamps,,D_OXYGEN_LOW,Oxygen Low (red),LED,,DCS-BIOS,0x845C,1,,LED
output,Warning Lamps,,D_RADAR_WARN,Radar Altitude Warning (red),LED,,DCS-BIOS,0x845C,1,,LED
output,Warning Lamps,,D_SPDBRK_CAUTION,Speed Break-Caution Ladder (yellow),LED,,DCS-BIOS,0x845C,1,,LED
output,Warning Lamps,,D_SPOILER_CAUTION,Spoiler-Caution Ladder (yellow),LED,,DCS-BIOS,0x845C,1,,LED
output,Warning Lamps,,D_UTILHYD_CAUTION,Utility Hydraulics-Caution Ladder (yellow),LED,,DCS-BIOS,0x845C,1,,LED
hotas,Control Stick,,,Gun-Rocket Trigger,button,,HID,,,,HIDButton
hotas,Control Stick,,,Bomb Release (Pickle),button,,HID,,,,HIDButton
hotas,Control Stick,,,Trim Hat (4-way + reset),hat,,HID,,,,HIDButton
hotas,Control Stick,,,Autopilot Override Paddle,button,,HID,,,,HIDButton
hotas,Control Stick,,,Stick Roll Axis,axis,,HID,,,,AnalogInput/HID
hotas,Control Stick,,,Stick Pitch Axis,axis,,HID,,,,AnalogInput/HID
hotas,Throttle,,,Throttle Axis,axis,,HID,,,,AnalogInput/HID
hotas,Throttle Grip,,,Throttle Detent OFF/IGN/RUN,3pos,,HID,,,,HIDButton
hotas,Throttle Grip,,,Speedbrake Switch,switch,,HID,,,,HIDButton
hotas,Throttle Grip,,,Master Exterior Lights (grip),switch,,HID,,,,HIDButton
hotas,Rudder Pedals,,,Rudder Axis,axis,,HID,,,,AnalogInput/HID
hotas,Rudder Pedals,,,Wheel Brake Left (toe),axis,,HID,,,,AnalogInput/HID
hotas,Rudder Pedals,,,Wheel Brake Right (toe),axis,,HID,,,,AnalogInput/HID
